Source,MT,MTPE,MQMScore,LLM_MQM_gemba_mqm,LLM_MQM_ea_prompt
So we attach this by pressing Ctrl+J.,그래서 Ctrl+J를 눌러서 이걸 붙여주는 거죠.,Ctrl+J를 눌러서 이것을 연결합니다.,94,94.0,88.0
"But, you'll notice something changed when we Actually, let's use this.","하지만, 실제로 이걸 사용할 때 뭔가 변화가 생긴다는 걸 알게 될 거예요.",뭔가가 바뀐 것을 알 수 있습니다. 다른 것을 사용합시다.,74,73.0,88.0
"When I press Ctrl+J, something different happens, right?","제가 Ctrl+J를 누르면 뭔가 다르게 일어난다는 거죠, 맞나요?","제가 Ctrl+J를 누르면, 다른 일이 발생합니다.",74,99.0,88.0
This changed somehow.,이게 뭔가 변했어요.,이것이 어떻게 조금 바뀌었습니다.,94,94.0,88.0
What changed about it?,그게 뭐가 변한 건가요?,무엇이 바뀌었나요?,94,94.0,90.0
Something changed.,뭔가 변했어요.,뭔가가 바뀌었습니다.,94,94.0,96.0
"So when you press join, so it also takes account our idea of selected objects and active objects.","그래서 여러분이 조인(join)을 누르면, 선택한 오브젝트와 활성 오브젝트에 대한 아이디어도 고려하게 되는 거죠.","Join 버튼을 누르면, 선택한 오브젝트와 활성 오브젝트에 대한 아이디어도 반영됩니다.",94,99.0,88.0
"So when you press this finger and you press the palm and Ctrl+J, does all the selected objects, which is, in this case, the finger, kind of gets joined into the palm.","그래서 여러분이 이 손가락을 누르고 손바닥을 누르면서 Ctrl+J를 누르면, 선택된 오브젝트들, 즉 이 경우 손가락이 손바닥에 합쳐지는 거죠.",이 손가락을 누르고 손바닥과 Ctrl+J를 누르면 선택한 오브젝트인 손가락이 손바닥에 합쳐지는 거죠.,95,98.0,88.0
But that doesn't explain why this changed.,하지만 그건 왜 이게 변했는지를 설명하지는 않아요.,"하지만, 변화에 대한 설명이 되지는 않습니다.",99,99.0,98.0
"This changed because the palm container has this subdivision kind of modifier, and this also has a Subdivision Modifier.","이게 변한 이유는 손바닥 컨테이너가 이런 서브디비전 모디파이어를 가지고 있고, 이것도 서브디비전 모디파이어를 가지고 있기 때문이에요.",이게 변한 이유는 손바닥 컨테이너가 Subdivision Modifier를 가지고 있고 손가락도 마찬가지이기 때문입니다.,98,94.0,88.0
"What happens is, basically, this gets deleted.",결국 이게 기본형으로 삭제되는 거예요.,"무슨 일이 일어나냐면, 기본적으로 이게 삭제됩니다.",74,74.0,88.0
"And since this has a value of 2 and for the palm, this has a value of 1.","그리고 이건 2의 값을 가지고 있고, 손바닥은 1의 값을 가지고 있어요.",손가락의 값은 2이고 손바닥은 값은 1입니다.,94,99.0,88.0
It takes the 1 value.,1의 값을 가져가요.,1을 가져갑니다.,99,99.0,98.0
That's why it changed.,그래서 이게 변한 거예요.,그래서 이게 변한 거예요.,100,100.0,100.0
"And if we change this back to 2, it returns to its original block.",그리고 이걸 다시 2로 바꾸면 원래의 블록으로 돌아가요.,이것을 다시 2로 바꾸면 원래의 형태로 돌아갑니다.,99,99.0,98.0
We will be merging this just the same as how we merge the fingers.,우리는 이걸 손가락을 합치는 것과 똑같이 병합할 거예요.,손가락도 손가락 관절을 Merge한 것과 같은 방식으로 Merge 할 것입니다.,98,73.0,78.0
"You select the two vertices and press M, however you like.",두 개의 정점을 선택하고 원하는 대로 M을 누르면 돼요.,두 개의 Vertecies를 선택하고 M을 누르시면 됩니다.,98,74.0,88.0
Press M.,M을 눌러주세요.,M을 누르세요.,99,99.0,98.0
"Next, I want these other fingers. Right?","다음으로, 이 다른 손가락들을 원해요. 맞죠?","다음으로, 다른 손가락들도 해야겠죠?",90,74.0,88.0
I want to connect also these other fingers.,저는 이 다른 손가락들도 연결하고 싶어요.,다른 손가락들도 연결하고 싶습니다.,99,99.0,98.0
But when you notice like this.... Let's see what it looks like if we connect the other finger.,하지만 이렇게 보시면… 다른 손가락을 연결하면 어떻게 보이는지 한번 볼까요?,다른 손가락을 연결하면 어떻게 되는지 한번 봅시다.,94,99.0,98.0
"So this, merge center, this this this, merge center, This, merge, center. This, merge, center.","그래서 이거, 병합 중심, 이거 이거 이거, 병합 중심, 이거, 병합, 중심이에요. 이거, 병합, 중심이에요.","이 부분을 Merge>Center, 이 부분과 이 부분을 Merge>Center, 여기도 Merge>Center, 여기도 Merge>Center 합니다.",74,74.0,88.0
"Well, this kind of looks… Blatantly, this looks wrong because the finger is shamelessly doing that.","음, 이건 좀 이렇게 보이네요... 명백히, 이건 잘못 보이네요. 왜냐하면 손가락이 뻔뻔하게 그렇게 하고 있으니까요.",아주 명백하게 잘못돼 보입니다. 왜냐하면 손가락이 이런 말도 안 되는 모양이잖아요.,95,69.0,78.0
So how do we fix this?,그럼 이걸 어떻게 수정하죠?,그럼 이걸 어떻게 고치죠?,95,99.0,98.0
We fix this by fixing our first assumption of way of this kind of being just a hole.,우리는 이걸 단순히 구멍이라고 가정한 첫 번째 생각을 수정함으로써 고칠 수 있어요.,우리는 이걸 단순히 구멍으로 생각했던 첫 번째 가정을 수정함으로써 고칠 수 있습니다.,94,99.0,98.0
"Based on the look of your finger, there's actually a gap that happens.","손가락의 모양을 보면, 실제로 간격이 생기는 거예요.",손가락 모양에 따라 손가락 사이에는 간격이 있습니다.,94,99.0,88.0
"So you have to also define if we also want… I'm emphasizing that again, IF we want, we can also define this gap.","그래서 우리가 또 원하는 게 뭔지도 정의해야 해요… 다시 강조하는데, 우리가 원한다면 이 간격도 정의할 수 있어요.","그래서 우리가 원한다면, 다시 강조하자면, 우리가 원한다면 이 간격도 정의할 수 있습니다.",74,74.0,88.0
"Now that we have this gap, we press...","이제 이 간격이 생겼으니, 우리는... 눌러요.",이제 간격이 생겼으니 누르세요.,94,74.0,88.0
"we select the two vertices, press F.",두 개의 정점을 선택하고 F를 눌러요.,두 개의 vertecies를 선택하고 F를 누릅니다.,98,94.0,96.0
And we can close it up by Filling.,그리고 우리는 Fill로 닫을 수 있어요.,그리고 채우기로 마무리할 수 있습니다.,68,73.0,86.0
So now you have this.,그래서 이제 이게 생겼어요.,이제 이렇게 되었습니다.,74,74.0,88.0
"So, again, we just join, and then we merge it by this.","그러니까, 다시 말해서 우리는 그냥 조인하고, 그 다음에 이걸로 병합해요.","그래서 다시, 우리는 그냥 합치고, Merge 합니다.",72,72.0,84.0
"But this is a little bit too tedious, merging one by one.",하지만 이건 하나씩 병합하는 게 좀 귀찮아요.,하지만 이렇게 하나하나 병합하는 것은 조금 번거롭습니다.,99,94.0,88.0
"So one thing that you can try, and sometimes it works, sometimes it doesn't, is select this and select the place you want to merge them to and press space and click and try to search for Bridge.","그래서 시도해볼 수 있는 한 가지 방법은, 가끔은 잘 되고 가끔은 안 되지만, 이걸 선택하고 병합할 위치를 선택한 다음 스페이스를 눌러서 클릭하고 Bridge를 찾아보는 거예요.","그래서 여러분이 시도해 볼 수 있는 한 가지는, 효과가 있을 때도 있고, 없을 때도 있는데 이걸 선택하고 Merge할 위치를 선택한 다음 스페이스를 누르고 클릭해서 Bridge를 검색해 보는 것입니다.",93,94.0,88.0
"Yeah, this one, Bridge Edge Loops.","네, 이거, Bridge Edge Loops예요.",Bridge Edge Loops입니다.,99,99.0,98.0
"If you look at it, it's a little bit different from this.","보시면, 이거랑은 조금 다르죠.","이걸 보면, 이와는 조금 다릅니다.",99,98.0,88.0
"But if we click here, merge, and there we go.","하지만 여기 클릭하고 병합하면, 이렇게 되는 거예요.","하지만 Merge를 클릭하면, 이렇게 됩니다.",98,98.0,88.0
So we just move this.,그래서 우리는 이걸 그냥 옮기면 돼요.,이걸 옮깁니다.,94,98.0,88.0
"We add another loop to define our edge, and then we fill this up by selecting all the edges and pressing F.","우리는 우리의 엣지를 정의하기 위해 또 다른 루프를 추가하고, 그 다음 모든 가장자리를 선택하고 F를 눌러서 이걸 채워요.","모서리를 정의하기 위해 또 다른 루프를 추가하고, 그다음 모든 가장자리를 선택하고 F를 눌러서 이걸 채웁니다.",98,94.0,88.0
"Basically, we're slowly getting our very scuffed hand.","기본적으로, 우리는 천천히 아주 엉망인 손을 만들어가고 있어요.",우리는 천천히 아주 어설픈 손을 만들고 있습니다.,94,74.0,88.0
"It's not equal, it's a little bit tilted.","이건 동일하지 않고, 약간 기울어져 있어요.","균형이 맞지 않고, 약간 기울어져 있습니다.",99,74.0,88.0
"It's a little bit tilted, crooked, too thin, but we do have our fingers.","약간 기울어져 있고, 비뚤어져 있으며, 너무 마르긴 하지만, 우리는 손가락을 가지고 있어요.","약간 기울어져 있고, 비뚤어졌으며, 너무 마르지만, 우리는 손가락이 생겼습니다.",95,99.0,98.0
"We do have our palm, and we do have our hand.","우리는 손바닥도 있고, 손도 가지고 있어요.","우리는 손바닥도 있고, 손도 있습니다.",95,99.0,98.0
We should let things be ugly.,우리는 사물이 못생기게 두는 것도 괜찮아요.,그냥 못생긴 채로 두는 것도 괜찮습니다.,94,74.0,88.0
"So here again, this this this.","그래서 여기 다시, 이거 이거 이거.","그래서 다시 여기, 이거 이거 이거.",100,99.0,98.0
"So we fill it again this, and then we click this and make join.","그래서 이걸 다시 채우고, 이걸 클릭한 다음 조인해요.","이걸 다시 채우고, 그다음에 이걸 클릭해서 합칩니다.",99,94.0,88.0
And then we merge them by Edge Loops again.,그리고 나서 다시 Edge Loops로 병합해요.,그리고 Bridge Edge Loops로 Merge 합니다.,98,74.0,88.0
"Now this also has skill, by the way, trying to navigate your way once you have a lot of... Try to navigate your way once you have a lot of these vertices floating around.",이제 이건 스킬도 필요해요. 한 번에 많은 걸 다루려고 할 때 길을 찾아가는 게 말이죠… 이런 정점들이 많이 떠다닐 때 길을 찾아보세요.,이렇게 많은 Vertices에서 원하는 것을 찾는 것도 기술이 필요합니다.,49,73.0,78.0
"Again, don't be too hard on yourself.","다시 말하지만, 너무 자신에게 엄격하지 마세요.","다시 말하지만, 자신을 너무 가혹하게 대하지 마세요.",95,94.0,90.0
"And then so this, I want to save one of these fingers, actually.","그래서 이거, 사실 이 손가락 중 하나를 저장하고 싶어요.",손가락 중 하나를 저장하고 싶습니다.,99,99.0,88.0
I'm just gonna duplicate it and keep it here.,그냥 복제해서 여기 두려고 해요.,그냥 복제해서 여기 두겠습니다.,99,99.0,98.0
Why? I don't know.,"왜냐면, 잘 모르겠어요.",왜냐고요? 저도 잘 모르겠습니다.,99,74.0,86.0
So we select these and then we bridge.,그래서 이걸 선택한 다음 브리지를 해요.,모두 선택하고 나서 Bridge Edge Loops를 사용합니다.,98,94.0,88.0
Why does this not work?,왜 이게 안 되는 거죠?,왜 이게 작동하지 않을까요?,99,74.0,98.0
"Oh, because we forgot to select the other for this.","아, 이걸 위해 다른 걸 선택하는 걸 잊었네요.",다른 Vertices를 선택하지 않아서 그렇군요.,95,75.0,88.0
Still does not work.,그래도 여전히 안 되네요.,여전히 작동하지 않습니다.,99,74.0,88.0
This has to be figured out.,이건 해결해야 해요.,이건 해결해야 합니다.,99,99.0,98.0
"Well, actually, I want to see why.","음, 사실 왜 그런지 보고 싶어요.","음, 사실 그 이유를 알고 싶습니다.",99,94.0,88.0
That's odd.,그건 이상하네요.,이건 이상하네요.,95,99.0,98.0
"Whatever, moving on, we can just manually...","뭐 어쨌든, 넘어가서 우리는 그냥 수동으로...",수동으로 할게요,99,74.0,88.0
The investigation was as fast as...,조사는... 만큼 빨랐어요.,조사를 좀 대충 했죠?,70,75.0,90.0
"I know, it's not joined yet.","알아요, 아직 합쳐지지 않았어요.","아, 알았습니다. 아직 합쳐지지 않았어요.",75,99.0,98.0
I'm stupid.,내가 바보 같아요.,저는 바보예요.,94,70.0,88.0
"We press the finger, the palm, and we join.",우리는 손가락과 손바닥을 누르고 조인해요.,손가락과 손바닥을 누르고 Join 합니다.,98,98.0,96.0
Now it should work.,이제 잘 될 거예요.,이제 잘 작동할 겁니다.,99,98.0,96.0
"Now that we have this, what's next?","이걸 얻었으니, 다음은 뭐죠?","이제 이걸 가지고, 다음은 무엇인가요?",90,99.0,88.0
"Well, you can see actually that this is smooth, but this is not.","음, 실제로 이건 부드럽지만, 이건 그렇지 않다는 걸 보실 수 있어요.","손가락은 부드럽지만, 손바닥쪽은 그렇지 않습니다.",94,99.0,98.0
You can fix this by just basically just doing the Shade Smooth.,이건 기본적으로 Shade Smooth를 해주면 고칠 수 있어요.,이건 Shade Smooth로 고칠 수 있습니다.,99,99.0,88.0
"And, yep, it's fixed.","네, 이제 고쳐졌어요.","네, 고쳐졌습니다.",99,99.0,98.0
"Right click, click Shade Smooth, and it's fixed.","오른쪽 클릭하고 Shade Smooth를 클릭하면, 이제 고쳐졌어요.","우클릭을 하고 Shade Smooth를 클릭하면, 고쳐집니다.",99,94.0,88.0
Let's try this.,한번 해봅시다.,이걸 한번 해봅시다.,100,75.0,90.0
"That's very, how do you say this...","그건 정말, 어떻게 말해야 하나요...",뭐라고 해야 할까요...,95,99.0,98.0
Alien-looking hand.,외계인 같은 손이에요.,외계인 같은 손입니다.,99,99.0,98.0
That's a very alien-looking hand.,그건 정말 외계인 같은 손이에요.,정말 외계인 같은 손이네요.,95,99.0,98.0
"But still, you do what you do, and maybe this finger is a little bit too thin. So maybe we can expand this. You can use it by using Inflate.","하지만 여전히, 여러분이 하는 대로 하세요. 아마 이 손가락은 조금 너무 마를 수도 있어요. 그래서 아마 이걸 확장할 수 있을 거예요. Inflate를 사용해서 쓸 수 있어요.",되는 대로 하는 겁니다. 손가락이 너무 말라서 손가락의 중앙을 확장해야 할 것 같은데 Inflate를 사용하면 됩니다.,69,93.0,78.0
Then use this to kind of move it a bit.,그럼 이걸 사용해서 조금 이동시켜 보세요.,그럼 이걸 사용해서 조금 이동시켜 보세요.,100,100.0,100.0
"But now when you try to move this finger, it also moves the other fingers, which is you don't want because let's say you just want to adjust this finger, and this other finger also moves.","하지만 이제 이 손가락을 움직이려고 하면 다른 손가락들도 함께 움직여요. 이건 원하지 않을 거예요. 예를 들어, 이 손가락만 조정하고 싶다고 하면, 다른 손가락도 같이 움직이니까요.","이 손가락을 이동하려고 하면 다른 손가락들도 함께 움직입니다. 이건 원하지 않는 상황이죠. 가령, 조정하려는 건 이 손가락 뿐인데 다른 것도 같이 움직이는 거죠.",95,97.0,94.0
It's a bit annoying.,조금 귀찮네요.,조금 짜증 납니다.,95,74.0,90.0
"What you can do is actually select the finger, select them.","할 수 있는 건 사실 손가락을 선택하고, 그걸 선택하는 거예요.",손가락을 선택하고 이것들을 선택하는 것입니다.,99,74.0,88.0
"Select preferably… Preferably in this Face Mode, which we haven't…","가급적 선택하세요… 가급적 이 Face 모드에서, 우리가 아직…",가능하면 Face Mode에서 선택하세요.,95,69.0,86.0
"If you look here, there's different kinds of modes, that you can select.","여기 보시면, 선택할 수 있는 다양한 모드들이 있어요.",여기 보면 선택할 수 있는 다양한 모드가 있습니다.,99,98.0,96.0
"You can select by vertices, by edges and by faces.","정점, 가장자리, 그리고 면으로 선택할 수 있어요.","Vertices, 가장자리, 그리고 Face 모드가 있습니다.",98,94.0,88.0
"So for this, we will select by faces, and we are going to select a finger.","그래서 이걸 위해 우리는 면으로 선택할 거고, 손가락을 선택할 거예요.",그래서 이 경우에는 Faces를 선택하고 손가락을 선택할 것입니다.,98,94.0,88.0
So you just box them in.,그래서 그냥 박스 안에 넣으면 돼요.,그래서 그냥 박스 안에 넣으면 됩니다.,99,99.0,98.0
"We go to Scope Mode, and then we try to go to, what does it call?","우리는 Scope 모드로 가서, 그 다음에 뭐라고 하죠?","Scope Mode로 가서, 그다음에 뭐라고 부르죠?",99,99.0,88.0
Mask by Edit Mode.,에디트 모드로 Mask를 해요.,Mask by Edit mode를 치세요.,99,74.0,88.0
Edit mode.,편집 모드예요.,Edit Mode입니다.,99,99.0,98.0
"Selection, we're just going to look for it. Here, Mask, Face Sets. Yeah. There. Faces from… There's Face Set from Edit Mode Selection.","Selection, 우리는 그걸 찾아볼 거예요. 여기, Mask, Face Sets예요. 네. 저기, Faces에서… 에디트 모드 선택에서 Face Set이 있어요.","어딨는지 찾아봅시다. Mask, 아니 Face Sets를 누르고 Face Sets from Edit Mode Selection.",68,47.0,76.0
"And when you press this and you go back to your Solid mode… You go back to the Solid mode, it should look in a different color, and that's the face set.","그리고 이걸 누르고 Solid 모드로 돌아가면… Solid 모드로 돌아가면 다른 색감으로 보여야 하고, 그게 바로 면 세트예요.",그리고 이걸 누르고 Solid mode로 돌아가면 Solid mode로 돌아가면 다른 색으로 나타날 것이고 그게 Face Set입니다.,93,98.0,88.0
So we'll do this in all the fingers.,그래서 모든 손가락에서 이걸 할 거예요.,그래서 우리는 모든 손가락에 이 작업을 수행할 것입니다.,99,99.0,88.0
We should have done this earlier.,우리는 이걸 좀 더 일찍 했어야 했어요.,이걸 더 일찍 해야 했습니다.,99,99.0,98.0
"And if you're wondering, you can make things in a hot key in Blender by pressing this and add you know?","그리고 궁금하신 분들을 위해, 블렌더에서 이걸 눌러서 단축키로 작업할 수 있어요. 아시죠?","궁금하신 분들을 위해 말씀드리자면, Blender에서 원하는 기능을 누르고 핫키를 사용하여 작업을 추가할 수 있습니다.",73,74.0,88.0
"Not Remove from Quick Favorites. Click this, Add to Quick Favorites.",빠른 즐겨찾기에서 제거하지 마세요. 이걸 클릭해서 빠른 즐겨찾기에 추가하세요.,이미 핫키 설정이 되어 있어서 Remove지만 일단 제거해 볼까요?,99,75.0,80.0
"So to access your Quick Favorites, you just press Q, and here it is.","그래서 빠른 즐겨찾기에 접근하려면 Q를 누르면 되고, 여기 있어요.",Add to Quick Favorites를 누르고 Quick Favorites를 보시려면 Q를 누르세요.,74,99.0,88.0
So select this.,그래서 이걸 선택하세요.,그래서 이걸 선택하세요.,100,100.0,100.0
Select this other one.,이 다른 것도 선택하세요.,이 다른 것도 선택하세요.,100,100.0,100.0
"So now is that we have to tell Blender that we should use this face sets, right?","그래서 이제 블렌더에게 이 면 세트를 사용해야 한다고 알려야 하는 거죠, 맞죠?",그래서 이제 Blender에게 이 face sets를 사용해야 한다고 알려야 하죠?,98,98.0,96.0
Here it is.,여기 있어요.,여기 있습니다.,99,99.0,98.0
"Wait, where's auto masking.","잠깐만요, 자동 마스킹은 어디에 있죠?",Auto Masking인데요?,99,98.0,98.0
Yeah. It is here.,네. 여기 있어요.,"네, 여기 있습니다.",99,99.0,98.0
Yeah. It's located here on the top.,네. 위쪽에 여기 위치해 있어요.,Topology는 위쪽에 자리 잡고 있습니다.,98,98.0,98.0
"Honestly, very surprised as well how I couldn't find it in, whatever.","솔직히, 제가 그걸 못 찾은 게 너무 놀라워요. 뭐 어쨌든.",제가 못 찾은 거에 스스로 놀라운데요.,95,99.0,88.0
I guess that is just to showcase how useful this quick favorite thing are.,이건 이 빠른 즐겨찾기 기능이 얼마나 유용한지를 보여주기 위한 것 같아요.,이 Quick Favorites 기능이 얼마나 유용한지를 보여드리고 싶었습니다.,74,99.0,88.0
"How we press Q, we just click Face Sets and then boom! We can edit this without worrying about changing this.","Q를 누르고, Face Sets를 클릭하면, 짠! 이걸 편집하기가 가능해져요. 이걸 변경하는 걱정 없이 말이죠.","Q를 누르고 Face Sets를 클릭하면, 짠! 이걸 편집하기 위해서 이걸 변경하는 것을 걱정할 필요가 없습니다.",100,98.0,88.0
But it looks wrong.,하지만 이건 잘못 보이네요.,뭔가 잘못된 것 같습니다.,74,74.0,88.0
"Something is wrong, but we can't really put our finger on it.","뭔가 잘못됐지만, 정확히 무엇인지 알 수는 없어요.","뭔가 잘못되었지만, 정확히 무엇인지 파악이 안 되네요.",95,99.0,98.0
"So, well, first thing is wrong.","그래서, 음, 첫 번째로 잘못된 게 있어요.",첫 번째로 잘못된 점이 있습니다.,99,99.0,98.0
There's a lot of things that we can fix about this.,여기에 대해 우리가 고칠 수 있는 것들이 많아요.,이 손은 고칠 점들이 많습니다.,99,99.0,98.0
"But, honestly, first, we should just start by trying to find out how should we add this thumb.","하지만 솔직히 말해서, 먼저 이 엄지를 어떻게 추가해야 할지 찾아보는 게 좋겠어요.","하지만 솔직히 말해서, 먼저 이 엄지를 어떻게 추가해야 할지 알아보는 것부터 시작해야 합니다.",94,99.0,88.0
"Before we do anything, let's try to find a way to add this thumb.","무언가 하기에 앞서, 이 엄지를 추가할 방법을 찾아보죠.","다른 걸 하기 전에, 이 엄지를 추가할 방법을 찾아봅시다.",99,99.0,98.0
Remember our thing about unnecessary adjusters?,불필요한 조정자에 대한 우리의 이야기를 기억하나요?,불필요한 수정에 관해 얘기 했던 것을 기억하시나요?,94,74.0,88.0
"This is most likely, this is one of the reasons why.","이건 아마도, 그 이유 중 하나일 거예요.",이게 아마도 그 이유 중 하나일 것입니다.,94,99.0,98.0
"So what I'm actually going to do is I'm just going to merge these because they don't provide other..., they don't really provide much more data apart from defining our gaps. So I'm just gonna delete most of them.",그래서 제가 실제로 하려는 건 이걸 병합하는 거예요. 왜냐하면 이들은 다른 정보를 제공하지 않거든요... 간격을 정의하는 것 외에는 정말로 많은 정보를 제공하지 않아요. 그래서 저는 대부분을 삭제할 거예요.,이것들을 Merge 해 보겠습니다. 간격을 정의하는 것 외에는 별다른 데이터를 제공하지 않기 때문에 저는 대부분을 삭제할 것입니다.,93,93.0,86.0
Then move them closer so that… Move them closer to the edge.,그다음에 그들을 더 가까이 옮겨서… 가장자리에 더 가까이 옮겨요.,그리고 가장자리로 더 가까이 이동시킵니다.,89,74.0,88.0
Did we preserve our this part where it kind of tapers to the side.,우리가 이 부위를 보존했나요? 여기서 측면으로 점점 가늘어지는 부분이요.,끝으로 갈수록 가늘어지는 부분을 유지했나요?,90,75.0,88.0
"No, so, we'll go right on that because you remember we have this idea that we noticed.","아니요, 그래서 그 부분에 바로 가야 해요. 우리가 주목했던 아이디어가 있었잖아요.","아니요, 그래서 그 부분을 바로 수정할 것입니다. 우리가 주목했던 아이디어가 있었던 것을 기억하시죠?",75,74.0,88.0
"So, we'll be trying to preserve that.","그래서, 우리는 그걸 보존하려고 할 거예요.",유지해 보도록 합시다.,99,74.0,88.0
Next is how do we merge these?,다음은 이걸 어떻게 병합하죠?,다음은 이걸 병합하는 방법입니다.,75,99.0,98.0
"Let's just try a very naive approach, making a hole like this, and then click the face, and then make the face disappear.","아주 단순한 방법을 시도해 보죠. 이렇게 구멍을 만들고, 그 다음 면을 클릭한 다음 면을 사라지게 해요.","아주 단순한 방법을 시도해 봅시다. 이렇게 구멍을 만든 다음, Face를 클릭하고 면을 사라지게 만듭니다.",98,98.0,88.0
"And just like the other fingers, we just join it.","그리고 다른 손가락들과 마찬가지로, 우리는 그냥 합치면 돼요.","그리고 다른 손가락들처럼, 그냥 합칩니다.",95,99.0,88.0
And connect the edges connect the hole to the other hole.,그리고 구멍의 가장자리를 다른 구멍과 연결해요.,그리고 구멍을 다른 구멍에 연결하기 위해 가장자리를 연결합니다.,74,74.0,88.0
And see what it looks like.,그리고 어떻게 보이는지 봐요.,그리고 확인해 봅시다.,94,99.0,88.0
This and then Bridge Edge Loops.,이거와 그 다음에 Bridge Edge Loops예요.,다음은 Bridge Edge Loops입니다.,99,74.0,88.0
"Wow, that looks...","와, 그거 정말...",이게 뭐죠?,95,75.0,90.0
"That's something! So, we just adjust it.",그건 뭔가네요! 그래서 우리는 그냥 조정해요.,조정해 봅시다.,74,98.0,88.0
This is so small on this side.,이쪽은 정말 작네요.,이쪽이 너무 작습니다.,99,94.0,98.0
"So with this, I don't really have much now to do.","그래서 이걸로, 이제 할 게 별로 없어요.",이제 할 일이 별로 없습니다.,99,99.0,98.0
Just refining because we have our main objectives.,"주요 오브젝트가 있으니, 그냥 다듬고 있는 거예요.",주 오브젝트가 있으니 조금 다듬기만 하면 됩니다.,74,74.0,88.0
"And if you have more ideas that you want to represent, then, you use more topology in order to represent them.","그리고 표현하고 싶은 아이디어가 더 있다면, 그걸 표현하기 위해 더 많은 토폴로지를 사용하면 돼요.","표현하고 싶은 아이디어가 더 있다면, Topology를 사용해 표현하세요.",99,98.0,86.0
Same way of how we made the decision to make these things.,이런 것들을 만들기로 결정한 방식과 같은 거예요.,이것들을 만들기로 결정한 것과 같은 방식입니다.,99,99.0,88.0
"""Oh, yeah. I want a gap, so I made ""a sort of topology."" And why do I say it like that?","""오, 맞아. 나는 간격이 필요해서 '일종의 토폴로지'를 만들었어."" 왜 이렇게 말하냐면요?","간격을 원했으니, Topology를 만들었습니다. 이 말을 왜 했냐고요?",98,94.0,88.0
There's going to be this thing around topology where you should only use quads.,토폴로지 주변에는 사각형만 사용해야 한다는 이런 규칙이 있을 거예요.,Topology에는 사각형만 사용하는 것이 좋다는 말이 있습니다.,74,74.0,88.0
"And by quads, what they mean is that these squares right here, you should only use quads because and for context, this is a tri, right here because, it's a triangle.","그리고 사각형이라고 할 때, 이 사각형들을 의미하는 거예요. 여기서는 사각형만 사용해야 해요. 그리고 맥락을 위해, 여기 있는 건 삼각형이니까, 이건 삼각형이죠.",사각형이란 여기 있는 이 사각형을 의미합니다. 쿼드만 사용해야 하는 이유는… 여기 있는 것은 삼각형이고요.,74,74.0,88.0
"But the main decisions that you should be doing around these, use only use squads or only use tries.",하지만 이와 관련된 주요 결정은 오직 사각형만 사용하거나 오직 삼각형만 사용하는 거예요.,이와 관련된 주요 결정은 사각형만 사용하거나 삼각형만 사용하는 것입니다.,99,74.0,88.0
"As best you can try to use squads. But, if you can use tries to help you define things better, then you should be using them.","가능한 한 사각형을 사용해 보세요. 하지만, 만약 삼각형을 사용해서 더 잘 정의할 수 있다면, 그걸 사용해야 해요.","가능한 한 사각형을 사용하지만 하지만, 만약 삼각형을 사용하여 사물을 더 잘 정의할 수 있다면, 삼각형을 사용해야 합니다.",94,49.0,78.0
And that is the only purpose of mesh topology anyways.,그리고 그게 바로 메시 토폴로지의 유일한 목적이에요.,그리고 그게 Mesh Topology의 유일한 목적입니다.,98,98.0,96.0
"It's to define things, define ideas.","그건 사물을 정의하고, 아이디어를 정의하기 위한 거예요.","사물을 정의하고, 아이디어를 정의하기 위한 것입니다.",99,99.0,98.0
What are these kind of ideas trying to represent actually when we use this?,"이걸 사용할 때, 이런 종류의 아이디어가 실제로 무엇을 나타내려고 하는 건가요?","이걸 사용할 때, 이러한 아이디어들은 실제로 무엇을 나타내려고 하는 건가요?",95,99.0,98.0
"Well, first, it's trying to define shape.","음, 첫째로, 형태를 정의하려고 하는 거예요.",첫 번째는 형태를 정의하는 것입니다.,99,99.0,88.0
"Next, it's trying to define separation.","다음으로, 분리를 정의하려고 하는 거예요.","다음으로, 분리를 정의하려고 합니다.",99,99.0,98.0
"Next that it's trying to define smoothness, which is also something it's trying to define, but we'll… Do we go through that now?","다음으로 부드러움을 정의하려고 하는데, 이것도 정의하려는 것이지만, 우리는… 지금 그걸 진행하나요?","다음으로, 부드러움을 정의하려고 하는데 부드러움도 그중 하나인데 지금 그걸 진행할까요?",70,74.0,88.0
"No, we'll go through that the same way.","아니요, 우리는 그걸 같은 방식으로 진행할 거예요.","대신에, 우리가 진행할 방식은...",100,99.0,88.0
"Actually, we'll go through some of the concept of smoothness right now.","사실, 지금 부드러움의 개념 중 일부를 진행할 거예요.",부드러움의 콘셉트를 몇 가지 살펴볼 것입니다.,93,74.0,88.0
"So when you see this, this actually only mostly applies to subdivision for now.","그래서 이걸 보시면, 사실 지금은 주로 서브디비전에만 적용된다는 거예요.","보시면, 현재로서는 주로 subdivision에만 적용됩니다.",98,99.0,88.0
"But this also applies to normal, which we will talk about later.","하지만 이건 노말에도 적용되며, 우리는 나중에 이에 대해 이야기할 거예요.",하지만 이것은 Normal에도 적용되며 나중에 다뤄보겠습니다.,98,94.0,88.0
"So, you also want to define smoothness in this area.","그래서, 이 영역에서도 부드러움을 정의하고 싶어요.",이 영역에서도 부드러움을 정의해야 할 겁니다.,74,99.0,88.0
So if I want this and let's say...,"그래서 내가 이걸 원하고, 가정해보면...",제가 이걸 원한다고 가정해 봅시다.,95,74.0,86.0
Let's not use this honestly.,솔직히 이건 사용하지 말아요.,이건 사용하지 말아봅시다.,99,99.0,88.0
Let's use a better one that actually makes sense.,실제로 감각이 있는 더 좋은 걸 사용해 봅시다.,좀 더 괜찮은 예시를 사용해 봅시다.,75,70.0,88.0
Let's say this.,이걸로 해봅시다.,이걸로 해봅시다.,100,100.0,100.0
"Let's say I want the fingers to be longer and kind of sharp. So what you might be tempted to do is do just do this, which kind of works.","손가락을 더 길고 약간 날카롭게 만들고 싶다고 가정해봅시다. 그래서 여러분이 유혹받을 수 있는 건 그냥 이렇게 하는 거예요, 이게 어느 정도 효과가 있거든요.",손가락을 더 길고 날카롭게 하고 싶다고 가정했을 때 시도할 수 있는 것은 이것입니다.,70,98.0,88.0
It kind of works.,이게 어느 정도 효과가 있어요.,이 방법은 어느 정도 효과가 있습니다.,99,99.0,98.0
But what can I also also do is try pressing Shift+E and moving it.,하지만 제가 할 수 있는 또 다른 방법은 Shift+E를 눌러서 이동해보는 거예요.,제가 해 볼 수 있는 것은 Shift+E를 눌러서 움직여보는 것입니다.,99,74.0,88.0
You see how it changes?,어떻게 변하는지 보이시나요?,어떻게 변화하는지 보이시죠?,100,99.0,98.0
This basically tells Blender that it shouldn't smooth this edge.,이건 기본적으로 블렌더에게 이 가장자리를 부드럽게 하지 말라고 말하는 거예요.,이것은 Blender에게 이 가장자리를 부드럽게 하지 말아야 한다고 알려줍니다.,94,99.0,98.0
"So when you Shift+E this, this looks pretty ugly, but you get what I mean.","그래서 여러분이 Shift+E를 하면, 이건 꽤 못생겨 보이지만, 제가 무슨 뜻인지 아시겠죠.","Shift+E를 하시면 보기 싫지만, 무슨 뜻인지는 아시겠죠.",94,94.0,98.0
Let's see it in a better context.,더 나은 맥락에서 보도록 해요.,좀 더 나은 맥락에서 보도록 합시다.,99,99.0,98.0
"This is a better way to see it, honestly.","솔직히 말해서, 이게 더 나은 방법으로 보는 거예요.",이게 방법이 더 잘 보이네요.,75,74.0,88.0
"So, you see here if you sharpen it, it kind of like it doesn't smoothen it out now, but it still is smoother this way.","그러니까 여기서 보시면, 날카롭게 하면 지금은 부드럽게 되지는 않지만, 이렇게 하면 여전히 더 부드럽게 느껴져요.","그래서 여기서 보시면, 날카롭게 하면 부드럽게 되지는 않지만 이 부분은 여전히 부드럽습니다.",74,94.0,88.0
"It is kind of smooth this way, but it's not smooth anymore going this way.","이렇게 하면 어느 정도 부드럽긴 하지만, 이렇게 가면 더 이상 부드럽지 않아요.",이 부분은 부드럽지만 이 방향으로는 부드럽지 않습니다.,74,99.0,88.0
"Going this way, the edge like here.","이쪽으로 가면, 여기 가장자리가 있어요.","이 방향으로 가면, 가장자리가 보이세요?",100,74.0,88.0
This is also something you define with topology.,이건 토폴로지로 정의하는 또 다른 것이기도 해요.,이것은 또한 Topology로 정의하는 것입니다.,94,98.0,88.0
So we'll return this back to normal for now.,그래서 우리는 일단 이걸 노말로 되돌릴 거예요.,지금은 이걸 Normal로 되돌리겠습니다.,98,94.0,88.0
"Whatever, let let it look ugly if it's ugly. But okay.","뭐 어쨌든, 못생겼다면 못생겼다고 두세요. 하지만 알겠어요.",그냥 못생긴 대로 두세요.,70,74.0,88.0
"Honestly, that's it.","솔직히, 그게 전부예요.",이게 전부입니다.,99,99.0,98.0
"As long as you communicate what the aspects of the things that you want to communicate is, that can work for your topology.","당신이 전달하고자 하는 것의 측면을 잘 전달하기만 하면, 그게 당신의 토폴로지에 맞게 작동할 수 있어요.",전달하고자 하는 측면을 잘 소통할 수 있다면 Topology에 도움이 될 수 있습니다.,93,94.0,88.0
"Also, this thumb is bothering me.","또한, 이 엄지가 저를 괴롭히고 있어요.",이 엄지가 참 거슬리네요.,75,74.0,88.0
It's not right.,이건 맞지 않아요.,이건 옳지 않아요.,95,95.0,98.0
"It feels nice, right? This part, this works out.","기분이 좋죠, 맞나요? 이 부위는 잘 작동해요.",여기를 잘 고치면 기분이 좋지 않겠어요?,75,74.0,78.0
But how it attaches feels lacking.,하지만 붙는 방식이 부족하게 느껴져요.,연결이 부자연스러운 느낌입니다.,74,74.0,88.0
"Because of this one, yeah.","이거 때문이죠, 맞아요.","이것 때문이죠, 맞아요.",100,99.0,98.0
"Because the thumb is a little bit fat, right?","엄지가 조금 두껍잖아요, 맞죠?","엄지가 조금 두껍죠, 맞죠?",100,99.0,98.0
A little bit fat.,조금 두꺼워요.,조금 두껍습니다.,99,99.0,98.0
A little bit fat.,조금 두꺼워요.,조금 두껍습니다.,99,99.0,98.0
"Well, if you want to communicate the fat we can.","음, 두꺼움을 전달하고 싶다면 그렇게 할 수 있어요.",두꺼운 부분을 전달하고 싶다면 그렇게 할 수 있습니다.,99,74.0,88.0
"Actually, maybe that's a good example.","사실, 아마 그게 좋은 예시일 거예요.",좋은 예시일 수도 있겠네요.,100,99.0,98.0
Want to communicate that there's fat area here.,여기 두꺼운 영역이 있다는 걸 전달하고 싶어요.,여기에 두꺼운 영역이 있다는 것을 전달하고 싶습니다.,99,99.0,98.0
So we'll use topology to...,그래서 우리는 토폴로지를 사용해서...,Topology를 사용할 겁니다.,99,74.0,88.0
"Also, I'll delete this because these kind of go into the hand.","또한, 저는 이걸 삭제할 거예요. 왜냐하면 이게 손 안으로 들어가거든요.","또한, 이걸 삭제할 것입니다. 왜냐하면 이 부분은 손목으로 이어지기 때문입니다.",94,74.0,88.0
These kind of go into the hand so they don't really matter as much.,이건 손 안으로 들어가니까 그렇게 중요하지 않아요.,여기는 손목으로 이어지기 때문에 별로 중요하지 않습니다.,94,74.0,88.0
So we just shape it and shape it.,그래서 우리는 그냥 형태를 만들고 또 만들어요.,그래서 우리는 그냥 형태를 만들고 또 형태를 만듭니다.,99,99.0,98.0
This is where your artistic decisions matter.,이곳이 여러분의 예술적인 결정이 중요한 부분이에요.,여기서 여러분의 미적 결정이 중요합니다.,94,94.0,86.0
Just shape it.,그냥 형태를 만들어주세요.,그냥 형태를 만드세요.,100,99.0,98.0
"Now that we have this a pudgy here there's also a bit of a pudgy here that we see, and there's a little bit of pudgy here.","이제 여기 약간 두꺼운 부분이 있고, 여기에서도 약간 두꺼운 부분이 보이고, 여기에도 약간의 두꺼운 부분이 있어요.",이제 여기에서 약간 두꺼운 부분이 있고 여기에도 약간의 두꺼운 부분이 보이며 여기에도 약간의 두꺼운 부분이 있습니다.,99,99.0,98.0
"But, we're getting limited by our topology here.","하지만, 여기서 우리의 토폴로지에 의해 제한을 받고 있어요.","하지만, Topology에 의해 제한을 받고 있습니다.",93,98.0,96.0
So maybe we'll add maybe a retopo.,그래서 아마 리토포를 추가할 거예요.,그래서 Retopology를 추가할 것입니다.,98,94.0,96.0
What do you think?,어떻게 생각하세요?,어떻게 생각하시나요?,99,99.0,98.0
So we expand this and we make it smaller.,그래서 이걸 확장하고 더 작게 만들어요.,그래서 이걸 연장하고 가늘게 만듭니다.,94,49.0,80.0
"But, we know that this is a little bit sharp, so we add it like this, this, this.","하지만, 이게 조금 날카롭다는 걸 알기 때문에 이렇게, 이렇게, 이렇게 추가해요.","약간 날카로우니까 이렇게, 이렇게, 이렇게 추가합니다.",94,99.0,98.0
But the transition between the palm and the hand is a little bit sharper than this.,하지만 손바닥과 손 사이의 전환이 이보다 조금 더 날카로워요.,손바닥과 손목 사이의 전환은 이것보다 약간 더 날렵합니다.,99,74.0,86.0
now we're going to use an Add-on for this actually to smooth.,이제 우리는 사실 이걸 부드럽게 하기 위해 Add-on을 사용할 거예요.,이제 부드럽게 하기 위해 Add-on을 사용할 것입니다.,99,99.0,98.0
I want to smooth this out. But I want to use math to smooth it out.,이걸 부드럽게 하고 싶어요. 하지만 매트를 사용해서 부드럽게 하고 싶어요.,이걸 부드럽게 하고 싶은데 이때 저는 Math를 사용합니다.,94,74.0,88.0
"So I press this button Edit, which if you have default, then you won't have.","그래서 저는 이 Edit 버튼을 눌러요. 기본 설정이 있다면, 이 버튼은 없을 거예요.",그래서 이 Edit 버튼을 누릅니다. 기본 설정이라면 이 버튼은 없을 것입니다.,74,73.0,86.0
I'll put how to do it in the show notes.,어떻게 하는지 쇼 노트에 적어둘게요.,어떻게 하는지 강의 노트에 적어둘게요.,99,95.0,98.0
This is a default Blender Add-on.,이건 기본 블렌더 Add-on이에요.,이것은 기본 Blender Add-on입니다.,98,98.0,96.0
You just have to turn it on.,그냥 켜기만 하면 돼요.,그냥 활성화하면 됩니다.,98,94.0,98.0
"Yeah, just look in the show notes because I don't want to move the flow too much.","네, 쇼 노트를 확인하세요. 왜냐하면 흐름을 너무 많이 바꾸고 싶지 않거든요.",강의 흐름을 끊고 싶지 않기 때문에 강의 노트를 확인해 주세요.,94,69.0,86.0
So I press Relax.,그래서 저는 Relax를 눌러요.,Relax를 누릅니다.,99,99.0,98.0
"And with this, I want it to go to the hand.",그리고 이걸로 손으로 가기를 원해요.,그리고 여기서 손목으로 연결합니다.,70,74.0,88.0
"And I know that this is a little sharp, as I sharpened it.",그리고 제가 날카롭게 만들었기 때문에 이게 조금 날카롭다는 걸 알아요.,제가 아까 Sharpen 했기 때문에 이게 너무 날렵해졌어요.,94,69.0,88.0
Press Relax again to make it a little bit of a circle.,Relax를 다시 눌러서 조금 더 원형으로 만들어요.,Relax를 다시 눌러서 조금 더 원형으로 만듭니다.,99,99.0,98.0
"Wow, it's looking more and more of a hand.","와, 점점 더 손처럼 보이네요.","와, 점점 더 손처럼 보이네요.",100,100.0,100.0
Let's turn off the Face Sets.,Face Sets를 끄도록 해요.,Face Sets를 끄도록 합시다.,99,99.0,98.0
"I mean, it kind of looks like a hand.","제 말은, 손처럼 보이긴 해요.",점점 손처럼 보입니다.,99,99.0,98.0
So what else?,그럼 또 뭐가 있을까요?,그럼 또 무엇을 더 해야 할까요?,75,99.0,98.0
I guess let's prove more of the point by...,그럼... 포인트를 좀 더 증명해봅시다.,포인트를 조금 더 증명해 봅시다.,99,99.0,98.0
"I want to add bones, bony fingers.",뼈와 뼈가 있는 손가락을 추가하고 싶어요.,앙상한 손가락을 추가하고 싶습니다.,94,74.0,88.0
Why am I adding more?,왜 더 추가하고 있는 걸까요?,왜 더 추가하고 있죠?,99,99.0,98.0
This is taking too long.,이건 너무 오래 걸리고 있어요.,이건 너무 오래 걸리고 있습니다.,99,99.0,98.0
We won't be changing. I will be deleting this later.,우리는 변경하지 않을 거예요. 저는 이걸 나중에 삭제할 거예요.,바꾸지는 않고 나중에 이걸 삭제할 것입니다.,94,99.0,98.0
"So you can actually just add this to kind of represent the bones, and we'll...","그래서 실제로 이걸 추가해서 뼈를 나타낼 수 있고, 우리는...",이것을 추가해서 뼈를 표현하실 수 있어요.,99,74.0,88.0
Let's not add it.,추가하지 않기로 해요.,그냥 추가하지 맙시다.,99,99.0,88.0
"I'll talk about a fully featured one later, not this scuff one we did for this.","이걸 위해 우리가 한 엉망인 것 말고, 나중에 완전한 기능을 가진 걸 이야기할게요.","나중에 완전한 기능을 갖춘 것에 관해 이야기하겠지만, 지금 한 이 어설픈 것을 사용하지는 않을 겁니다.",89,74.0,88.0
So we can use this.,그래서 우리는 이걸 사용할 수 있어요.,이걸 사용할 수 있습니다.,99,99.0,98.0
You can see how weird this looks in topology.,토폴로지에서 이게 얼마나 이상하게 보이는지 알 수 있어요.,Topology에서는 정말 이상하게 보이죠?,98,99.0,98.0
But it communicates what we want to communicate.,하지만 우리가 전달하고자 하는 것을 잘 전달해요.,하지만 우리가 전달하고자 하는 것을 잘 전달합니다.,99,99.0,98.0
"So as long as as it kind of achieve what we want to communicate, it's fine.",그래서 우리가 전달하고자 하는 것을 어느 정도 달성하기만 하면 괜찮아요.,전달하고자 하는 것을 어느 정도 달성하기만 한다면 괜찮습니다.,99,99.0,98.0
But there's a caveat here.,하지만 여기에는 주의할 점이 있어요.,하지만 여기에는 주의할 점이 있습니다.,99,99.0,98.0
There's a lot more thing.,더 많은 것이 있어요.,더 많은 것이 있습니다.,99,99.0,98.0
"As you go through the workflow, there's a lot of things that you want to consider more that you will be considering more.","워크플로우를 진행하면서, 더 고려해야 할 것들이 많이 있어요.",워크플로에 따라 진행하면서 더 고려해야 할 많은 것들이 있습니다.,99,99.0,98.0
"With all these things of defining separation, defining what do these what do these mean, how does separation matter.","이 모든 것들, 즉 분리를 정의하고, 이들이 무엇을 의미하는지, 분리가 왜 중요한지에 대해 생각해봐야 해요.","이 모든 것들, 즉 분리를 정의하고, 이것들이 무엇을 의미하는지 분리가 왜 중요한지를 고려해야 합니다.",99,99.0,98.0
The actual the effect of defining the separation.,실제로 분리를 정의하는 효과에 대해요.,실제로 분리를 정의하는 효과 말입니다.,99,99.0,98.0
"We will find this out more, once we..., once we start with the idea of, deforming this by bones.","우리는 이걸 더 알아낼 거예요, 우리가... 뼈로 이걸 변형시키는 아이디어로 시작하면요.",이것을 뼈에 따라 변형해 보면서 더 알아볼 것입니다.,74,94.0,88.0
What does that mean?,그게 무슨 뜻인가요?,그게 무슨 뜻인가요?,100,100.0,100.0
We'll talk about that later.,나중에 그에 대해 이야기할게요.,그에 대해서는 나중에 이야기하겠습니다.,94,99.0,98.0
"So deformations, once we kind of take into account these things.",그래서 변형은 우리가 이러한 것들을 고려하게 되면요.,그래서 변형은 우리가 이러한 것들을 고려할 때 발생합니다.,74,99.0,98.0
What else is actually weird but texturing.,사실 이상한 것 중 또 무엇이 있을까요? 텍스처링이요.,Texturing 외에 다른 이상한 것은 없습니다.,93,75.0,90.0
This also accounts to how do we do texturing.,이건 또한 우리가 텍스처링을 어떻게 하는지를 고려해야 해요.,Texturing 방법과도 관련이 있습니다.,98,74.0,88.0
"And, yes, we will make some mistakes and we will make some this, but we can't really be trying to plan out for the future that we don't know.","네, 우리는 실수를 할 거고, 이런 것들도 생길 거예요. 하지만 우리가 모르는 미래를 위해 계획하려고 할 수는 없어요.","실수를 할 수도 있고 이런 것들도 만들겠지만, 우리가 모르는 미래를 계획하려고 할 수는 없습니다.",99,99.0,86.0
"So with all of this, that is a very scuff hand, which you can just adjust this to be fine.","그래서 이 모든 것과 함께, 이건 아주 엉망인 손이에요. 하지만 이걸 조정해서 괜찮게 만들 수 있어요.","매우 어설픈 손이지만, 조정하면 조금 괜찮아질 수 있습니다.",69,69.0,88.0
You might have to fix this a little bit.,이걸 조금 수정해야 할 수도 있어요.,조금 수정해야 할 수도 있습니다.,99,99.0,98.0
"You might have to define this curve a little bit more and then fix the ratios of the hand of the finger and of this thumb, fix the ratio of that and fix the ratio of these fingers.","이 곡선을 좀 더 정의하고, 손과 손가락, 그리고 이 엄지의 비율을 수정해야 할 수도 있어요. 그리고 그 비율을 고치고 이 손가락들의 비율도 수정해야 해요.","이 곡선을 조금 더 정의하고, 손과 손가락, 그리고 이 엄지의 비율을 수정해야 할 수도 있습니다.",74,74.0,88.0
"But, essentially, we have our hand, at least in a very scuffed way.","하지만 본질적으로, 우리는 최소한 아주 엉망인 방식으로 손을 가지고 있어요.",그래도 손을 완성했습니다. 어설프지만요.,89,44.0,78.0
That's very scuffed hand.,그건 정말 엉망인 손이에요.,정말 어설픈 손이네요.,95,74.0,90.0
"But at the same time, it's a hand that has the topology. It has what it takes.","하지만 동시에, 토폴로지를 가진 손이에요. 필요한 요소를 다 갖추고 있어요.","하지만 동시에, 이건 Topology의 요소를 갖춘 손입니다.",98,97.0,86.0
"Wait, what is this?","잠깐만요, 이게 뭐죠?","잠깐만요, 이게 뭐죠?",100,100.0,100.0
It has what it takes to be shaped further into a better hand.,더 나은 손으로 형태를 만들 수 있는 요소를 다 갖추고 있어요.,더 나은 손이 될 수 있는 요소를 갖추고 있습니다.,74,94.0,88.0
"But you might have a question ""what is the hand that I use?"" So, yeah, that is for...","하지만 ""내가 사용하는 손은 무엇인가?""라는 질문이 있을 수 있어요. 그래서, 네, 그건...","이런 질문을 할 수도 있습니다. ""내가 사용하는 손은 무엇인가?"" 손 완성입니다.",94,74.0,88.0
"But before we end, I actually want to sneak in what does a hand that has been in a bit more iterations than this one looks like.","하지만 끝내기 전에, 실제로 이보다 더 많은 반복을 거친 손이 어떤 모습인지 살짝 보여주고 싶어요.","하지만 끝내기 전에, 실제로 이보다 더 많은 반복을 거친 손이 어떻게 생겼는지 살짝 보여드리고 싶습니다.",99,99.0,98.0
"So we're gonna go look at here, and let's just look a little bit.",그래서 여기 좀 살펴보러 갈 거예요. 잠깐만 살펴봅시다.,이걸 보세요. 잠깐만 좀 보도록 하죠.,100,74.0,88.0
"I'll ask, what are the additional features that this hand has?",이 손이 가지고 있는 추가적인 특징은 무엇인가요?,이 손에는 어떤 추가적인 기능이 있을까요?,100,74.0,88.0
It doesn't actually have a lot more features than the hand that we made.,사실 우리가 만든 손보다 더 많은 특징이 없어요.,우리가 만든 손보다 훨씬 더 많은 기능이 있는 것은 아닙니다.,100,74.0,78.0
"The main feature that it has, it just it has this...",이 손이 가지고 있는 주요 특징은 바로 이거예요...,"그것이 가진 주요 기능은, 바로 이겁니다.",99,74.0,88.0
defined transition between the thumb and the palm and also flesh.,엄지와 손바닥 사이의 정의된 전환과 또한 살이 있어요.,엄지와 손바닥 사이의 정의된 미세한 전환과 살덩이입니다.,74,74.0,78.0
"Basically, these two fleshes are the main difference between those two.","기본적으로, 이 두 개의 살이 그 두 가지의 주요 차이점이에요.",이 두 개의 살덩이가 우리가 만든 손과의 차이점입니다.,99,74.0,86.0
But also there's smaller details like this one.,하지만 이런 작은 디테일도 있어요.,"또, 이런 작은 디테일도 있습니다.",99,99.0,98.0
There's this part.,이 부위가 있어요.,이 부위가 있습니다.,99,99.0,98.0
"There's also this small, indent right here.",여기에도 작은 움푹 들어간 부분이 있어요.,여기에도 작은 움푹 들어간 부분이 있습니다.,99,99.0,98.0
"This how it transitions to the, arm.",이게 팔로 전환되는 방식이에요.,이것이 팔목으로 이어지는 방식입니다.,94,74.0,88.0
So there's a few different things about this.,그래서 이와 관련된 몇 가지 다른 것들이 있어요.,그래서 이와 관련하여 몇 가지 다른 점이 있습니다.,99,99.0,98.0
